total_cases,fcr_rate,repeat_rate,escalation_rate,avg_contacts
1350,7.629629629629629,81.18518518518518,51.77777777777778,63.095555555555556
